{"stats":{"minecraft:mined":{"minecraft:tall_grass":1},"minecraft:killed":{"minecraft:skeleton":1,"minecraft:chicken":1,"minecraft:spider":1},"minecraft:dropped":{"minecraft:wheat_seeds":2,"minecraft:beetroot_seeds":2,"minecraft:chicken":1,"minecraft:feather":2,"minecraft:clay_ball":2,"minecraft:gold_nugget":1,"minecraft:bone_meal":1,"minecraft:slime_ball":8,"minecraft:pumpkin_seeds":1,"mod_lavacow:chitin":2,"mod_lavacow:sharptooth":5},"minecraft:used":{"locks:diamond_lock_pick":2,"minecraft:egg":1,"minecraft:obsidian":5},"minecraft:custom":{"minecraft:time_since_rest":28792,"minecraft:sprint_one_cm":58230,"minecraft:damage_taken":30,"minecraft:walk_one_cm":13989,"minecraft:mob_kills":3,"minecraft:drop":19,"minecraft:damage_dealt":100,"minecraft:swim_one_cm":838,"minecraft:fly_one_cm":645982,"minecraft:open_chest":1,"minecraft:play_one_minute":28792,"minecraft:crouch_one_cm":63,"minecraft:sneak_time":59,"minecraft:walk_under_water_one_cm":3196,"minecraft:jump":377,"minecraft:leave_game":2,"minecraft:time_since_death":28792,"minecraft:walk_on_water_one_cm":836,"minecraft:climb_one_cm":363,"minecraft:fall_one_cm":3932},"minecraft:picked_up":{"minecraft:feather":2,"minecraft:chicken":1,"minecraft:clay_ball":2,"mod_lavacow:sharptooth":5,"mod_lavacow:chitin":2,"minecraft:string":1,"relicex:ring_relic":1,"minecraft:pumpkin_seeds":1,"minecraft:slime_ball":6,"minecraft:beetroot_seeds":2,"minecraft:wheat_seeds":2,"minecraft:gold_nugget":1,"ars_nouveau:worn_notebook":1,"minecraft:bone_meal":1,"mod_lavacow:intestine":1,"minecraft:egg":1}},"DataVersion":2586}