{"stats":{"minecraft:killed":{"minecraft:chicken":1},"minecraft:dropped":{"minecraft:chicken":1,"minecraft:feather":2},"minecraft:custom":{"minecraft:time_since_rest":9666,"minecraft:crouch_one_cm":63,"minecraft:play_one_minute":9666,"minecraft:sprint_one_cm":23967,"minecraft:damage_taken":20,"minecraft:walk_one_cm":4919,"minecraft:sneak_time":25,"minecraft:walk_under_water_one_cm":50,"minecraft:mob_kills":1,"minecraft:drop":2,"minecraft:jump":159,"minecraft:damage_dealt":90,"minecraft:leave_game":1,"minecraft:walk_on_water_one_cm":225,"minecraft:time_since_death":9666,"minecraft:swim_one_cm":567,"minecraft:fall_one_cm":2761,"minecraft:fly_one_cm":67075},"minecraft:used":{"minecraft:egg":1},"minecraft:mined":{"minecraft:tall_grass":1},"minecraft:picked_up":{"minecraft:feather":2,"minecraft:chicken":1,"ars_nouveau:worn_notebook":1,"minecraft:egg":1}},"DataVersion":2586}