{"stats":{"minecraft:mined":{"minecraft:tall_grass":1},"minecraft:killed":{"minecraft:chicken":1},"minecraft:custom":{"minecraft:jump":29,"minecraft:time_since_rest":3009,"minecraft:crouch_one_cm":63,"minecraft:damage_dealt":80,"minecraft:play_one_minute":3009,"minecraft:leave_game":1,"minecraft:walk_on_water_one_cm":225,"minecraft:sprint_one_cm":6955,"minecraft:time_since_death":3009,"minecraft:walk_one_cm":2658,"minecraft:sneak_time":25,"minecraft:walk_under_water_one_cm":50,"minecraft:mob_kills":1,"minecraft:swim_one_cm":567,"minecraft:drop":2,"minecraft:fall_one_cm":685,"minecraft:fly_one_cm":16097},"minecraft:picked_up":{"minecraft:feather":2,"minecraft:chicken":1},"minecraft:dropped":{"minecraft:feather":2,"minecraft:chicken":1}},"DataVersion":2586}