{"stats":{"minecraft:killed":{"minecraft:chicken":1},"minecraft:mined":{"minecraft:tall_grass":1},"minecraft:dropped":{"minecraft:chicken":1,"minecraft:feather":2},"minecraft:used":{"minecraft:egg":1},"minecraft:custom":{"minecraft:time_since_rest":18945,"minecraft:crouch_one_cm":63,"minecraft:play_one_minute":18945,"minecraft:sprint_one_cm":48627,"minecraft:damage_taken":30,"minecraft:walk_one_cm":8989,"minecraft:sneak_time":40,"minecraft:walk_under_water_one_cm":3196,"minecraft:mob_kills":1,"minecraft:drop":2,"minecraft:jump":334,"minecraft:damage_dealt":90,"minecraft:leave_game":1,"minecraft:walk_on_water_one_cm":836,"minecraft:time_since_death":18945,"minecraft:climb_one_cm":363,"minecraft:swim_one_cm":838,"minecraft:fall_one_cm":3932,"minecraft:fly_one_cm":440216},"minecraft:picked_up":{"minecraft:feather":2,"minecraft:chicken":1,"ars_nouveau:worn_notebook":1,"minecraft:egg":1}},"DataVersion":2586}